kappa,diameter,odi,fi,fe,formula,run_dir,output_file
10,1.68,0.0635,0.33,0.6699999999999999,Ktotal = (fi*Ki*Di^2 + fe*Ke*De^2)/Dtotal^2 + 3*(fi*Di^2 + fe*De^2)/Dtotal^2 - 3,nozomi/experiment/visualization/dataVF03/VF0.3_experiment_d1.68_sig0.45_500axons_reproducibility_OD10/2025-10-23_17-31-23_d1.68_K10_ODI_0.0635_500fibers,nozomi/experiment/visualization/plots/Kperp_across_diameter_VF03/computed_Kperp_total/Kperp_total_K10_d1.68_2025-10-23_17-31-23_d1.68_K10_ODI_0.0635_500fibers.pkl
10,1.68,0.0635,0.33,0.6699999999999999,Ktotal = (fi*Ki*Di^2 + fe*Ke*De^2)/Dtotal^2 + 3*(fi*Di^2 + fe*De^2)/Dtotal^2 - 3,nozomi/experiment/visualization/dataVF03/VF0.3_experiment_d1.68_sig0.45_500axons_reproducibility_OD10/2025-10-25_23-24-54_d1.68_K10_ODI_0.0635_500fibers,nozomi/experiment/visualization/plots/Kperp_across_diameter_VF03/computed_Kperp_total/Kperp_total_K10_d1.68_2025-10-25_23-24-54_d1.68_K10_ODI_0.0635_500fibers.pkl
10,1.68,0.0635,0.33,0.6699999999999999,Ktotal = (fi*Ki*Di^2 + fe*Ke*De^2)/Dtotal^2 + 3*(fi*Di^2 + fe*De^2)/Dtotal^2 - 3,nozomi/experiment/visualization/dataVF03/VF0.3_experiment_d1.68_sig0.45_500axons_reproducibility_OD10/2025-10-26_01-26-59_d1.68_K10_ODI_0.0635_500fibers,nozomi/experiment/visualization/plots/Kperp_across_diameter_VF03/computed_Kperp_total/Kperp_total_K10_d1.68_2025-10-26_01-26-59_d1.68_K10_ODI_0.0635_500fibers.pkl
10,1.68,0.0635,0.32,0.6799999999999999,Ktotal = (fi*Ki*Di^2 + fe*Ke*De^2)/Dtotal^2 + 3*(fi*Di^2 + fe*De^2)/Dtotal^2 - 3,nozomi/experiment/visualization/dataVF03/VF0.3_experiment_d1.68_sig0.45_500axons_reproducibility_OD10/2025-10-26_07-10-12_d1.68_K10_ODI_0.0635_500fibers,nozomi/experiment/visualization/plots/Kperp_across_diameter_VF03/computed_Kperp_total/Kperp_total_K10_d1.68_2025-10-26_07-10-12_d1.68_K10_ODI_0.0635_500fibers.pkl
10,1.68,0.0635,0.31,0.69,Ktotal = (fi*Ki*Di^2 + fe*Ke*De^2)/Dtotal^2 + 3*(fi*Di^2 + fe*De^2)/Dtotal^2 - 3,nozomi/experiment/visualization/dataVF03/VF0.3_experiment_d1.68_sig0.45_500axons_reproducibility_OD10/2025-10-26_12-16-07_d1.68_K10_ODI_0.0635_500fibers,nozomi/experiment/visualization/plots/Kperp_across_diameter_VF03/computed_Kperp_total/Kperp_total_K10_d1.68_2025-10-26_12-16-07_d1.68_K10_ODI_0.0635_500fibers.pkl
10,1.68,0.0635,0.34,0.6599999999999999,Ktotal = (fi*Ki*Di^2 + fe*Ke*De^2)/Dtotal^2 + 3*(fi*Di^2 + fe*De^2)/Dtotal^2 - 3,nozomi/experiment/visualization/dataVF03/VF0.3_experiment_d1.68_sig0.45_500axons_reproducibility_OD10/2025-10-26_14-22-58_d1.68_K10_ODI_0.0635_500fibers,nozomi/experiment/visualization/plots/Kperp_across_diameter_VF03/computed_Kperp_total/Kperp_total_K10_d1.68_2025-10-26_14-22-58_d1.68_K10_ODI_0.0635_500fibers.pkl
20,1.68,0.0318,0.31,0.69,Ktotal = (fi*Ki*Di^2 + fe*Ke*De^2)/Dtotal^2 + 3*(fi*Di^2 + fe*De^2)/Dtotal^2 - 3,nozomi/experiment/visualization/dataVF03/VF0.3_experiment_d1.68_sig0.45_500axons_reproducibility_OD20/2025-10-23_17-30-45_d1.68_K20_ODI_0.0318_500fibers,nozomi/experiment/visualization/plots/Kperp_across_diameter_VF03/computed_Kperp_total/Kperp_total_K20_d1.68_2025-10-23_17-30-45_d1.68_K20_ODI_0.0318_500fibers.pkl
20,1.68,0.0318,0.31,0.69,Ktotal = (fi*Ki*Di^2 + fe*Ke*De^2)/Dtotal^2 + 3*(fi*Di^2 + fe*De^2)/Dtotal^2 - 3,nozomi/experiment/visualization/dataVF03/VF0.3_experiment_d1.68_sig0.45_500axons_reproducibility_OD20/2025-10-25_02-21-08_d1.68_K20_ODI_0.0318_500fibers,nozomi/experiment/visualization/plots/Kperp_across_diameter_VF03/computed_Kperp_total/Kperp_total_K20_d1.68_2025-10-25_02-21-08_d1.68_K20_ODI_0.0318_500fibers.pkl
20,1.68,0.0318,0.31,0.69,Ktotal = (fi*Ki*Di^2 + fe*Ke*De^2)/Dtotal^2 + 3*(fi*Di^2 + fe*De^2)/Dtotal^2 - 3,nozomi/experiment/visualization/dataVF03/VF0.3_experiment_d1.68_sig0.45_500axons_reproducibility_OD20/2025-10-25_23-26-02_d1.68_K20_ODI_0.0318_500fibers,nozomi/experiment/visualization/plots/Kperp_across_diameter_VF03/computed_Kperp_total/Kperp_total_K20_d1.68_2025-10-25_23-26-02_d1.68_K20_ODI_0.0318_500fibers.pkl
20,1.68,0.0318,0.3,0.7,Ktotal = (fi*Ki*Di^2 + fe*Ke*De^2)/Dtotal^2 + 3*(fi*Di^2 + fe*De^2)/Dtotal^2 - 3,nozomi/experiment/visualization/dataVF03/VF0.3_experiment_d1.68_sig0.45_500axons_reproducibility_OD20/2025-10-26_01-34-32_d1.68_K20_ODI_0.0318_500fibers,nozomi/experiment/visualization/plots/Kperp_across_diameter_VF03/computed_Kperp_total/Kperp_total_K20_d1.68_2025-10-26_01-34-32_d1.68_K20_ODI_0.0318_500fibers.pkl
20,1.68,0.0318,0.31,0.69,Ktotal = (fi*Ki*Di^2 + fe*Ke*De^2)/Dtotal^2 + 3*(fi*Di^2 + fe*De^2)/Dtotal^2 - 3,nozomi/experiment/visualization/dataVF03/VF0.3_experiment_d1.68_sig0.45_500axons_reproducibility_OD20/2025-10-26_03-31-00_d1.68_K20_ODI_0.0318_500fibers,nozomi/experiment/visualization/plots/Kperp_across_diameter_VF03/computed_Kperp_total/Kperp_total_K20_d1.68_2025-10-26_03-31-00_d1.68_K20_ODI_0.0318_500fibers.pkl
20,1.68,0.0318,0.31,0.69,Ktotal = (fi*Ki*Di^2 + fe*Ke*De^2)/Dtotal^2 + 3*(fi*Di^2 + fe*De^2)/Dtotal^2 - 3,nozomi/experiment/visualization/dataVF03/VF0.3_experiment_d1.68_sig0.45_500axons_reproducibility_OD20/2025-10-26_05-39-52_d1.68_K20_ODI_0.0318_500fibers,nozomi/experiment/visualization/plots/Kperp_across_diameter_VF03/computed_Kperp_total/Kperp_total_K20_d1.68_2025-10-26_05-39-52_d1.68_K20_ODI_0.0318_500fibers.pkl
20,1.68,0.0318,0.32,0.6799999999999999,Ktotal = (fi*Ki*Di^2 + fe*Ke*De^2)/Dtotal^2 + 3*(fi*Di^2 + fe*De^2)/Dtotal^2 - 3,nozomi/experiment/visualization/dataVF03/VF0.3_experiment_d1.68_sig0.45_500axons_reproducibility_OD20/2025-10-26_07-30-27_d1.68_K20_ODI_0.0318_500fibers,nozomi/experiment/visualization/plots/Kperp_across_diameter_VF03/computed_Kperp_total/Kperp_total_K20_d1.68_2025-10-26_07-30-27_d1.68_K20_ODI_0.0318_500fibers.pkl
200,1.68,0.0032,0.29,0.71,Ktotal = (fi*Ki*Di^2 + fe*Ke*De^2)/Dtotal^2 + 3*(fi*Di^2 + fe*De^2)/Dtotal^2 - 3,nozomi/experiment/visualization/dataVF03/VF0.3_experiment_d1.68_sig0.45_500axons_reproducibility_OD200/2025-10-23_17-30-36_d1.68_K200_ODI_0.0032_500fibers,nozomi/experiment/visualization/plots/Kperp_across_diameter_VF03/computed_Kperp_total/Kperp_total_K200_d1.68_2025-10-23_17-30-36_d1.68_K200_ODI_0.0032_500fibers.pkl
200,1.68,0.0032,0.3,0.7,Ktotal = (fi*Ki*Di^2 + fe*Ke*De^2)/Dtotal^2 + 3*(fi*Di^2 + fe*De^2)/Dtotal^2 - 3,nozomi/experiment/visualization/dataVF03/VF0.3_experiment_d1.68_sig0.45_500axons_reproducibility_OD200/2025-10-24_20-48-10_d1.68_K200_ODI_0.0032_500fibers,nozomi/experiment/visualization/plots/Kperp_across_diameter_VF03/computed_Kperp_total/Kperp_total_K200_d1.68_2025-10-24_20-48-10_d1.68_K200_ODI_0.0032_500fibers.pkl
200,1.68,0.0032,0.3,0.7,Ktotal = (fi*Ki*Di^2 + fe*Ke*De^2)/Dtotal^2 + 3*(fi*Di^2 + fe*De^2)/Dtotal^2 - 3,nozomi/experiment/visualization/dataVF03/VF0.3_experiment_d1.68_sig0.45_500axons_reproducibility_OD200/2025-10-25_23-35-07_d1.68_K200_ODI_0.0032_500fibers,nozomi/experiment/visualization/plots/Kperp_across_diameter_VF03/computed_Kperp_total/Kperp_total_K200_d1.68_2025-10-25_23-35-07_d1.68_K200_ODI_0.0032_500fibers.pkl
200,1.68,0.0032,0.3,0.7,Ktotal = (fi*Ki*Di^2 + fe*Ke*De^2)/Dtotal^2 + 3*(fi*Di^2 + fe*De^2)/Dtotal^2 - 3,nozomi/experiment/visualization/dataVF03/VF0.3_experiment_d1.68_sig0.45_500axons_reproducibility_OD200/2025-10-26_01-34-57_d1.68_K200_ODI_0.0032_500fibers,nozomi/experiment/visualization/plots/Kperp_across_diameter_VF03/computed_Kperp_total/Kperp_total_K200_d1.68_2025-10-26_01-34-57_d1.68_K200_ODI_0.0032_500fibers.pkl
200,1.68,0.0032,0.31,0.69,Ktotal = (fi*Ki*Di^2 + fe*Ke*De^2)/Dtotal^2 + 3*(fi*Di^2 + fe*De^2)/Dtotal^2 - 3,nozomi/experiment/visualization/dataVF03/VF0.3_experiment_d1.68_sig0.45_500axons_reproducibility_OD200/2025-10-26_03-27-41_d1.68_K200_ODI_0.0032_500fibers,nozomi/experiment/visualization/plots/Kperp_across_diameter_VF03/computed_Kperp_total/Kperp_total_K200_d1.68_2025-10-26_03-27-41_d1.68_K200_ODI_0.0032_500fibers.pkl
200,1.68,0.0032,0.3,0.7,Ktotal = (fi*Ki*Di^2 + fe*Ke*De^2)/Dtotal^2 + 3*(fi*Di^2 + fe*De^2)/Dtotal^2 - 3,nozomi/experiment/visualization/dataVF03/VF0.3_experiment_d1.68_sig0.45_500axons_reproducibility_OD200/2025-10-26_05-25-07_d1.68_K200_ODI_0.0032_500fibers,nozomi/experiment/visualization/plots/Kperp_across_diameter_VF03/computed_Kperp_total/Kperp_total_K200_d1.68_2025-10-26_05-25-07_d1.68_K200_ODI_0.0032_500fibers.pkl
200,1.68,0.0032,0.29,0.71,Ktotal = (fi*Ki*Di^2 + fe*Ke*De^2)/Dtotal^2 + 3*(fi*Di^2 + fe*De^2)/Dtotal^2 - 3,nozomi/experiment/visualization/dataVF03/VF0.3_experiment_d1.68_sig0.45_500axons_reproducibility_OD200/2025-10-26_06-25-06_d1.68_K200_ODI_0.0032_500fibers,nozomi/experiment/visualization/plots/Kperp_across_diameter_VF03/computed_Kperp_total/Kperp_total_K200_d1.68_2025-10-26_06-25-06_d1.68_K200_ODI_0.0032_500fibers.pkl
10,2.58,0.0635,0.31,0.69,Ktotal = (fi*Ki*Di^2 + fe*Ke*De^2)/Dtotal^2 + 3*(fi*Di^2 + fe*De^2)/Dtotal^2 - 3,nozomi/experiment/visualization/dataVF03/VF0.3_experiment_d2.58_sig0.69_500axons_reproducibility_OD10/2025-10-23_17-33-58_d2.58_K10_ODI_0.0635_500fibers,nozomi/experiment/visualization/plots/Kperp_across_diameter_VF03/computed_Kperp_total/Kperp_total_K10_d2.58_2025-10-23_17-33-58_d2.58_K10_ODI_0.0635_500fibers.pkl
10,2.58,0.0635,0.32,0.6799999999999999,Ktotal = (fi*Ki*Di^2 + fe*Ke*De^2)/Dtotal^2 + 3*(fi*Di^2 + fe*De^2)/Dtotal^2 - 3,nozomi/experiment/visualization/dataVF03/VF0.3_experiment_d2.58_sig0.69_500axons_reproducibility_OD10/2025-10-25_13-50-08_d2.58_K10_ODI_0.0635_500fibers,nozomi/experiment/visualization/plots/Kperp_across_diameter_VF03/computed_Kperp_total/Kperp_total_K10_d2.58_2025-10-25_13-50-08_d2.58_K10_ODI_0.0635_500fibers.pkl
10,2.58,0.0635,0.31,0.69,Ktotal = (fi*Ki*Di^2 + fe*Ke*De^2)/Dtotal^2 + 3*(fi*Di^2 + fe*De^2)/Dtotal^2 - 3,nozomi/experiment/visualization/dataVF03/VF0.3_experiment_d2.58_sig0.69_500axons_reproducibility_OD10/2025-10-25_23-19-00_d2.58_K10_ODI_0.0635_500fibers,nozomi/experiment/visualization/plots/Kperp_across_diameter_VF03/computed_Kperp_total/Kperp_total_K10_d2.58_2025-10-25_23-19-00_d2.58_K10_ODI_0.0635_500fibers.pkl
10,2.58,0.0635,0.32,0.6799999999999999,Ktotal = (fi*Ki*Di^2 + fe*Ke*De^2)/Dtotal^2 + 3*(fi*Di^2 + fe*De^2)/Dtotal^2 - 3,nozomi/experiment/visualization/dataVF03/VF0.3_experiment_d2.58_sig0.69_500axons_reproducibility_OD10/2025-10-26_01-19-31_d2.58_K10_ODI_0.0635_500fibers,nozomi/experiment/visualization/plots/Kperp_across_diameter_VF03/computed_Kperp_total/Kperp_total_K10_d2.58_2025-10-26_01-19-31_d2.58_K10_ODI_0.0635_500fibers.pkl
10,2.58,0.0635,0.33,0.6699999999999999,Ktotal = (fi*Ki*Di^2 + fe*Ke*De^2)/Dtotal^2 + 3*(fi*Di^2 + fe*De^2)/Dtotal^2 - 3,nozomi/experiment/visualization/dataVF03/VF0.3_experiment_d2.58_sig0.69_500axons_reproducibility_OD10/2025-10-26_06-27-55_d2.58_K10_ODI_0.0635_500fibers,nozomi/experiment/visualization/plots/Kperp_across_diameter_VF03/computed_Kperp_total/Kperp_total_K10_d2.58_2025-10-26_06-27-55_d2.58_K10_ODI_0.0635_500fibers.pkl
10,2.58,0.0635,0.32,0.6799999999999999,Ktotal = (fi*Ki*Di^2 + fe*Ke*De^2)/Dtotal^2 + 3*(fi*Di^2 + fe*De^2)/Dtotal^2 - 3,nozomi/experiment/visualization/dataVF03/VF0.3_experiment_d2.58_sig0.69_500axons_reproducibility_OD10/2025-10-26_16-09-18_d2.58_K10_ODI_0.0635_500fibers,nozomi/experiment/visualization/plots/Kperp_across_diameter_VF03/computed_Kperp_total/Kperp_total_K10_d2.58_2025-10-26_16-09-18_d2.58_K10_ODI_0.0635_500fibers.pkl
20,2.58,0.0318,0.3,0.7,Ktotal = (fi*Ki*Di^2 + fe*Ke*De^2)/Dtotal^2 + 3*(fi*Di^2 + fe*De^2)/Dtotal^2 - 3,nozomi/experiment/visualization/dataVF03/VF0.3_experiment_d2.58_sig0.69_500axons_reproducibility_OD20/2025-10-23_17-34-26_d2.58_K20_ODI_0.0318_500fibers,nozomi/experiment/visualization/plots/Kperp_across_diameter_VF03/computed_Kperp_total/Kperp_total_K20_d2.58_2025-10-23_17-34-26_d2.58_K20_ODI_0.0318_500fibers.pkl
20,2.58,0.0318,0.32,0.6799999999999999,Ktotal = (fi*Ki*Di^2 + fe*Ke*De^2)/Dtotal^2 + 3*(fi*Di^2 + fe*De^2)/Dtotal^2 - 3,nozomi/experiment/visualization/dataVF03/VF0.3_experiment_d2.58_sig0.69_500axons_reproducibility_OD20/2025-10-25_00-54-07_d2.58_K20_ODI_0.0318_500fibers,nozomi/experiment/visualization/plots/Kperp_across_diameter_VF03/computed_Kperp_total/Kperp_total_K20_d2.58_2025-10-25_00-54-07_d2.58_K20_ODI_0.0318_500fibers.pkl
20,2.58,0.0318,0.32,0.6799999999999999,Ktotal = (fi*Ki*Di^2 + fe*Ke*De^2)/Dtotal^2 + 3*(fi*Di^2 + fe*De^2)/Dtotal^2 - 3,nozomi/experiment/visualization/dataVF03/VF0.3_experiment_d2.58_sig0.69_500axons_reproducibility_OD20/2025-10-25_23-19-36_d2.58_K20_ODI_0.0318_500fibers,nozomi/experiment/visualization/plots/Kperp_across_diameter_VF03/computed_Kperp_total/Kperp_total_K20_d2.58_2025-10-25_23-19-36_d2.58_K20_ODI_0.0318_500fibers.pkl
20,2.58,0.0318,0.3,0.7,Ktotal = (fi*Ki*Di^2 + fe*Ke*De^2)/Dtotal^2 + 3*(fi*Di^2 + fe*De^2)/Dtotal^2 - 3,nozomi/experiment/visualization/dataVF03/VF0.3_experiment_d2.58_sig0.69_500axons_reproducibility_OD20/2025-10-26_01-05-31_d2.58_K20_ODI_0.0318_500fibers,nozomi/experiment/visualization/plots/Kperp_across_diameter_VF03/computed_Kperp_total/Kperp_total_K20_d2.58_2025-10-26_01-05-31_d2.58_K20_ODI_0.0318_500fibers.pkl
20,2.58,0.0318,0.32,0.6799999999999999,Ktotal = (fi*Ki*Di^2 + fe*Ke*De^2)/Dtotal^2 + 3*(fi*Di^2 + fe*De^2)/Dtotal^2 - 3,nozomi/experiment/visualization/dataVF03/VF0.3_experiment_d2.58_sig0.69_500axons_reproducibility_OD20/2025-10-26_03-03-40_d2.58_K20_ODI_0.0318_500fibers,nozomi/experiment/visualization/plots/Kperp_across_diameter_VF03/computed_Kperp_total/Kperp_total_K20_d2.58_2025-10-26_03-03-40_d2.58_K20_ODI_0.0318_500fibers.pkl
20,2.58,0.0318,0.31,0.69,Ktotal = (fi*Ki*Di^2 + fe*Ke*De^2)/Dtotal^2 + 3*(fi*Di^2 + fe*De^2)/Dtotal^2 - 3,nozomi/experiment/visualization/dataVF03/VF0.3_experiment_d2.58_sig0.69_500axons_reproducibility_OD20/2025-10-26_04-57-36_d2.58_K20_ODI_0.0318_500fibers,nozomi/experiment/visualization/plots/Kperp_across_diameter_VF03/computed_Kperp_total/Kperp_total_K20_d2.58_2025-10-26_04-57-36_d2.58_K20_ODI_0.0318_500fibers.pkl
20,2.58,0.0318,0.31,0.69,Ktotal = (fi*Ki*Di^2 + fe*Ke*De^2)/Dtotal^2 + 3*(fi*Di^2 + fe*De^2)/Dtotal^2 - 3,nozomi/experiment/visualization/dataVF03/VF0.3_experiment_d2.58_sig0.69_500axons_reproducibility_OD20/2025-10-26_06-53-18_d2.58_K20_ODI_0.0318_500fibers,nozomi/experiment/visualization/plots/Kperp_across_diameter_VF03/computed_Kperp_total/Kperp_total_K20_d2.58_2025-10-26_06-53-18_d2.58_K20_ODI_0.0318_500fibers.pkl
200,2.58,0.0032,0.3,0.7,Ktotal = (fi*Ki*Di^2 + fe*Ke*De^2)/Dtotal^2 + 3*(fi*Di^2 + fe*De^2)/Dtotal^2 - 3,nozomi/experiment/visualization/dataVF03/VF0.3_experiment_d2.58_sig0.69_500axons_reproducibility_OD200/2025-10-23_17-34-59_d2.58_K200_ODI_0.0032_500fibers,nozomi/experiment/visualization/plots/Kperp_across_diameter_VF03/computed_Kperp_total/Kperp_total_K200_d2.58_2025-10-23_17-34-59_d2.58_K200_ODI_0.0032_500fibers.pkl
200,2.58,0.0032,0.31,0.69,Ktotal = (fi*Ki*Di^2 + fe*Ke*De^2)/Dtotal^2 + 3*(fi*Di^2 + fe*De^2)/Dtotal^2 - 3,nozomi/experiment/visualization/dataVF03/VF0.3_experiment_d2.58_sig0.69_500axons_reproducibility_OD200/2025-10-24_16-42-07_d2.58_K200_ODI_0.0032_500fibers,nozomi/experiment/visualization/plots/Kperp_across_diameter_VF03/computed_Kperp_total/Kperp_total_K200_d2.58_2025-10-24_16-42-07_d2.58_K200_ODI_0.0032_500fibers.pkl
200,2.58,0.0032,0.31,0.69,Ktotal = (fi*Ki*Di^2 + fe*Ke*De^2)/Dtotal^2 + 3*(fi*Di^2 + fe*De^2)/Dtotal^2 - 3,nozomi/experiment/visualization/dataVF03/VF0.3_experiment_d2.58_sig0.69_500axons_reproducibility_OD200/2025-10-25_23-40-54_d2.58_K200_ODI_0.0032_500fibers,nozomi/experiment/visualization/plots/Kperp_across_diameter_VF03/computed_Kperp_total/Kperp_total_K200_d2.58_2025-10-25_23-40-54_d2.58_K200_ODI_0.0032_500fibers.pkl
200,2.58,0.0032,0.29,0.71,Ktotal = (fi*Ki*Di^2 + fe*Ke*De^2)/Dtotal^2 + 3*(fi*Di^2 + fe*De^2)/Dtotal^2 - 3,nozomi/experiment/visualization/dataVF03/VF0.3_experiment_d2.58_sig0.69_500axons_reproducibility_OD200/2025-10-26_01-06-15_d2.58_K200_ODI_0.0032_500fibers,nozomi/experiment/visualization/plots/Kperp_across_diameter_VF03/computed_Kperp_total/Kperp_total_K200_d2.58_2025-10-26_01-06-15_d2.58_K200_ODI_0.0032_500fibers.pkl
200,2.58,0.0032,0.3,0.7,Ktotal = (fi*Ki*Di^2 + fe*Ke*De^2)/Dtotal^2 + 3*(fi*Di^2 + fe*De^2)/Dtotal^2 - 3,nozomi/experiment/visualization/dataVF03/VF0.3_experiment_d2.58_sig0.69_500axons_reproducibility_OD200/2025-10-26_02-32-57_d2.58_K200_ODI_0.0032_500fibers,nozomi/experiment/visualization/plots/Kperp_across_diameter_VF03/computed_Kperp_total/Kperp_total_K200_d2.58_2025-10-26_02-32-57_d2.58_K200_ODI_0.0032_500fibers.pkl
200,2.58,0.0032,0.3,0.7,Ktotal = (fi*Ki*Di^2 + fe*Ke*De^2)/Dtotal^2 + 3*(fi*Di^2 + fe*De^2)/Dtotal^2 - 3,nozomi/experiment/visualization/dataVF03/VF0.3_experiment_d2.58_sig0.69_500axons_reproducibility_OD200/2025-10-26_03-58-02_d2.58_K200_ODI_0.0032_500fibers,nozomi/experiment/visualization/plots/Kperp_across_diameter_VF03/computed_Kperp_total/Kperp_total_K200_d2.58_2025-10-26_03-58-02_d2.58_K200_ODI_0.0032_500fibers.pkl
200,2.58,0.0032,0.3,0.7,Ktotal = (fi*Ki*Di^2 + fe*Ke*De^2)/Dtotal^2 + 3*(fi*Di^2 + fe*De^2)/Dtotal^2 - 3,nozomi/experiment/visualization/dataVF03/VF0.3_experiment_d2.58_sig0.69_500axons_reproducibility_OD200/2025-10-26_05-28-25_d2.58_K200_ODI_0.0032_500fibers,nozomi/experiment/visualization/plots/Kperp_across_diameter_VF03/computed_Kperp_total/Kperp_total_K200_d2.58_2025-10-26_05-28-25_d2.58_K200_ODI_0.0032_500fibers.pkl
10,3.5,0.0635,0.33,0.6699999999999999,Ktotal = (fi*Ki*Di^2 + fe*Ke*De^2)/Dtotal^2 + 3*(fi*Di^2 + fe*De^2)/Dtotal^2 - 3,nozomi/experiment/visualization/dataVF03/VF0.3_experiment_d3.5_sig0.9375_500axons_reproducibility_OD10/2025-10-24_00-38-06_d3.5_K10_ODI_0.0635_500fibers,nozomi/experiment/visualization/plots/Kperp_across_diameter_VF03/computed_Kperp_total/Kperp_total_K10_d3.5_2025-10-24_00-38-06_d3.5_K10_ODI_0.0635_500fibers.pkl
10,3.5,0.0635,0.33,0.6699999999999999,Ktotal = (fi*Ki*Di^2 + fe*Ke*De^2)/Dtotal^2 + 3*(fi*Di^2 + fe*De^2)/Dtotal^2 - 3,nozomi/experiment/visualization/dataVF03/VF0.3_experiment_d3.5_sig0.9375_500axons_reproducibility_OD10/2025-10-25_16-17-25_d3.5_K10_ODI_0.0635_500fibers,nozomi/experiment/visualization/plots/Kperp_across_diameter_VF03/computed_Kperp_total/Kperp_total_K10_d3.5_2025-10-25_16-17-25_d3.5_K10_ODI_0.0635_500fibers.pkl
10,3.5,0.0635,0.32,0.6799999999999999,Ktotal = (fi*Ki*Di^2 + fe*Ke*De^2)/Dtotal^2 + 3*(fi*Di^2 + fe*De^2)/Dtotal^2 - 3,nozomi/experiment/visualization/dataVF03/VF0.3_experiment_d3.5_sig0.9375_500axons_reproducibility_OD10/2025-10-25_19-19-11_d3.5_K10_ODI_0.0635_500fibers,nozomi/experiment/visualization/plots/Kperp_across_diameter_VF03/computed_Kperp_total/Kperp_total_K10_d3.5_2025-10-25_19-19-11_d3.5_K10_ODI_0.0635_500fibers.pkl
10,3.5,0.0635,0.31,0.69,Ktotal = (fi*Ki*Di^2 + fe*Ke*De^2)/Dtotal^2 + 3*(fi*Di^2 + fe*De^2)/Dtotal^2 - 3,nozomi/experiment/visualization/dataVF03/VF0.3_experiment_d3.5_sig0.9375_500axons_reproducibility_OD10/2025-10-25_20-34-08_d3.5_K10_ODI_0.0635_500fibers,nozomi/experiment/visualization/plots/Kperp_across_diameter_VF03/computed_Kperp_total/Kperp_total_K10_d3.5_2025-10-25_20-34-08_d3.5_K10_ODI_0.0635_500fibers.pkl
10,3.5,0.0635,0.32,0.6799999999999999,Ktotal = (fi*Ki*Di^2 + fe*Ke*De^2)/Dtotal^2 + 3*(fi*Di^2 + fe*De^2)/Dtotal^2 - 3,nozomi/experiment/visualization/dataVF03/VF0.3_experiment_d3.5_sig0.9375_500axons_reproducibility_OD10/2025-10-25_23-06-02_d3.5_K10_ODI_0.0635_500fibers,nozomi/experiment/visualization/plots/Kperp_across_diameter_VF03/computed_Kperp_total/Kperp_total_K10_d3.5_2025-10-25_23-06-02_d3.5_K10_ODI_0.0635_500fibers.pkl
10,3.5,0.0635,0.32,0.6799999999999999,Ktotal = (fi*Ki*Di^2 + fe*Ke*De^2)/Dtotal^2 + 3*(fi*Di^2 + fe*De^2)/Dtotal^2 - 3,nozomi/experiment/visualization/dataVF03/VF0.3_experiment_d3.5_sig0.9375_500axons_reproducibility_OD10/2025-10-26_04-18-24_d3.5_K10_ODI_0.0635_500fibers,nozomi/experiment/visualization/plots/Kperp_across_diameter_VF03/computed_Kperp_total/Kperp_total_K10_d3.5_2025-10-26_04-18-24_d3.5_K10_ODI_0.0635_500fibers.pkl
10,3.5,0.0635,0.33,0.6699999999999999,Ktotal = (fi*Ki*Di^2 + fe*Ke*De^2)/Dtotal^2 + 3*(fi*Di^2 + fe*De^2)/Dtotal^2 - 3,nozomi/experiment/visualization/dataVF03/VF0.3_experiment_d3.5_sig0.9375_500axons_reproducibility_OD10/2025-10-26_06-27-10_d3.5_K10_ODI_0.0635_500fibers,nozomi/experiment/visualization/plots/Kperp_across_diameter_VF03/computed_Kperp_total/Kperp_total_K10_d3.5_2025-10-26_06-27-10_d3.5_K10_ODI_0.0635_500fibers.pkl
20,3.5,0.0318,0.32,0.6799999999999999,Ktotal = (fi*Ki*Di^2 + fe*Ke*De^2)/Dtotal^2 + 3*(fi*Di^2 + fe*De^2)/Dtotal^2 - 3,nozomi/experiment/visualization/dataVF03/VF0.3_experiment_d3.5_sig0.9375_500axons_reproducibility_OD20/2025-10-24_00-37-35_d3.5_K20_ODI_0.0318_500fibers,nozomi/experiment/visualization/plots/Kperp_across_diameter_VF03/computed_Kperp_total/Kperp_total_K20_d3.5_2025-10-24_00-37-35_d3.5_K20_ODI_0.0318_500fibers.pkl
20,3.5,0.0318,0.32,0.6799999999999999,Ktotal = (fi*Ki*Di^2 + fe*Ke*De^2)/Dtotal^2 + 3*(fi*Di^2 + fe*De^2)/Dtotal^2 - 3,nozomi/experiment/visualization/dataVF03/VF0.3_experiment_d3.5_sig0.9375_500axons_reproducibility_OD20/2025-10-25_11-07-40_d3.5_K20_ODI_0.0318_500fibers,nozomi/experiment/visualization/plots/Kperp_across_diameter_VF03/computed_Kperp_total/Kperp_total_K20_d3.5_2025-10-25_11-07-40_d3.5_K20_ODI_0.0318_500fibers.pkl
20,3.5,0.0318,0.32,0.6799999999999999,Ktotal = (fi*Ki*Di^2 + fe*Ke*De^2)/Dtotal^2 + 3*(fi*Di^2 + fe*De^2)/Dtotal^2 - 3,nozomi/experiment/visualization/dataVF03/VF0.3_experiment_d3.5_sig0.9375_500axons_reproducibility_OD20/2025-10-25_19-21-10_d3.5_K20_ODI_0.0318_500fibers,nozomi/experiment/visualization/plots/Kperp_across_diameter_VF03/computed_Kperp_total/Kperp_total_K20_d3.5_2025-10-25_19-21-10_d3.5_K20_ODI_0.0318_500fibers.pkl
20,3.5,0.0318,0.31,0.69,Ktotal = (fi*Ki*Di^2 + fe*Ke*De^2)/Dtotal^2 + 3*(fi*Di^2 + fe*De^2)/Dtotal^2 - 3,nozomi/experiment/visualization/dataVF03/VF0.3_experiment_d3.5_sig0.9375_500axons_reproducibility_OD20/2025-10-25_22-39-20_d3.5_K20_ODI_0.0318_500fibers,nozomi/experiment/visualization/plots/Kperp_across_diameter_VF03/computed_Kperp_total/Kperp_total_K20_d3.5_2025-10-25_22-39-20_d3.5_K20_ODI_0.0318_500fibers.pkl
20,3.5,0.0318,0.31,0.69,Ktotal = (fi*Ki*Di^2 + fe*Ke*De^2)/Dtotal^2 + 3*(fi*Di^2 + fe*De^2)/Dtotal^2 - 3,nozomi/experiment/visualization/dataVF03/VF0.3_experiment_d3.5_sig0.9375_500axons_reproducibility_OD20/2025-10-25_23-36-48_d3.5_K20_ODI_0.0318_500fibers,nozomi/experiment/visualization/plots/Kperp_across_diameter_VF03/computed_Kperp_total/Kperp_total_K20_d3.5_2025-10-25_23-36-48_d3.5_K20_ODI_0.0318_500fibers.pkl
20,3.5,0.0318,0.31,0.69,Ktotal = (fi*Ki*Di^2 + fe*Ke*De^2)/Dtotal^2 + 3*(fi*Di^2 + fe*De^2)/Dtotal^2 - 3,nozomi/experiment/visualization/dataVF03/VF0.3_experiment_d3.5_sig0.9375_500axons_reproducibility_OD20/2025-10-26_01-16-55_d3.5_K20_ODI_0.0318_500fibers,nozomi/experiment/visualization/plots/Kperp_across_diameter_VF03/computed_Kperp_total/Kperp_total_K20_d3.5_2025-10-26_01-16-55_d3.5_K20_ODI_0.0318_500fibers.pkl
20,3.5,0.0318,0.31,0.69,Ktotal = (fi*Ki*Di^2 + fe*Ke*De^2)/Dtotal^2 + 3*(fi*Di^2 + fe*De^2)/Dtotal^2 - 3,nozomi/experiment/visualization/dataVF03/VF0.3_experiment_d3.5_sig0.9375_500axons_reproducibility_OD20/2025-10-26_03-28-41_d3.5_K20_ODI_0.0318_500fibers,nozomi/experiment/visualization/plots/Kperp_across_diameter_VF03/computed_Kperp_total/Kperp_total_K20_d3.5_2025-10-26_03-28-41_d3.5_K20_ODI_0.0318_500fibers.pkl
200,3.5,0.0032,0.3,0.7,Ktotal = (fi*Ki*Di^2 + fe*Ke*De^2)/Dtotal^2 + 3*(fi*Di^2 + fe*De^2)/Dtotal^2 - 3,nozomi/experiment/visualization/dataVF03/VF0.3_experiment_d3.5_sig0.9375_500axons_reproducibility_OD200/2025-10-24_00-35-39_d3.5_K200_ODI_0.0032_500fibers,nozomi/experiment/visualization/plots/Kperp_across_diameter_VF03/computed_Kperp_total/Kperp_total_K200_d3.5_2025-10-24_00-35-39_d3.5_K200_ODI_0.0032_500fibers.pkl
200,3.5,0.0032,0.3,0.7,Ktotal = (fi*Ki*Di^2 + fe*Ke*De^2)/Dtotal^2 + 3*(fi*Di^2 + fe*De^2)/Dtotal^2 - 3,nozomi/experiment/visualization/dataVF03/VF0.3_experiment_d3.5_sig0.9375_500axons_reproducibility_OD200/2025-10-25_00-46-18_d3.5_K200_ODI_0.0032_500fibers,nozomi/experiment/visualization/plots/Kperp_across_diameter_VF03/computed_Kperp_total/Kperp_total_K200_d3.5_2025-10-25_00-46-18_d3.5_K200_ODI_0.0032_500fibers.pkl
200,3.5,0.0032,0.3,0.7,Ktotal = (fi*Ki*Di^2 + fe*Ke*De^2)/Dtotal^2 + 3*(fi*Di^2 + fe*De^2)/Dtotal^2 - 3,nozomi/experiment/visualization/dataVF03/VF0.3_experiment_d3.5_sig0.9375_500axons_reproducibility_OD200/2025-10-25_19-24-26_d3.5_K200_ODI_0.0032_500fibers,nozomi/experiment/visualization/plots/Kperp_across_diameter_VF03/computed_Kperp_total/Kperp_total_K200_d3.5_2025-10-25_19-24-26_d3.5_K200_ODI_0.0032_500fibers.pkl
200,3.5,0.0032,0.3,0.7,Ktotal = (fi*Ki*Di^2 + fe*Ke*De^2)/Dtotal^2 + 3*(fi*Di^2 + fe*De^2)/Dtotal^2 - 3,nozomi/experiment/visualization/dataVF03/VF0.3_experiment_d3.5_sig0.9375_500axons_reproducibility_OD200/2025-10-25_20-11-13_d3.5_K200_ODI_0.0032_500fibers,nozomi/experiment/visualization/plots/Kperp_across_diameter_VF03/computed_Kperp_total/Kperp_total_K200_d3.5_2025-10-25_20-11-13_d3.5_K200_ODI_0.0032_500fibers.pkl
200,3.5,0.0032,0.3,0.7,Ktotal = (fi*Ki*Di^2 + fe*Ke*De^2)/Dtotal^2 + 3*(fi*Di^2 + fe*De^2)/Dtotal^2 - 3,nozomi/experiment/visualization/dataVF03/VF0.3_experiment_d3.5_sig0.9375_500axons_reproducibility_OD200/2025-10-25_20-57-03_d3.5_K200_ODI_0.0032_500fibers,nozomi/experiment/visualization/plots/Kperp_across_diameter_VF03/computed_Kperp_total/Kperp_total_K200_d3.5_2025-10-25_20-57-03_d3.5_K200_ODI_0.0032_500fibers.pkl
200,3.5,0.0032,0.29,0.71,Ktotal = (fi*Ki*Di^2 + fe*Ke*De^2)/Dtotal^2 + 3*(fi*Di^2 + fe*De^2)/Dtotal^2 - 3,nozomi/experiment/visualization/dataVF03/VF0.3_experiment_d3.5_sig0.9375_500axons_reproducibility_OD200/2025-10-25_21-45-47_d3.5_K200_ODI_0.0032_500fibers,nozomi/experiment/visualization/plots/Kperp_across_diameter_VF03/computed_Kperp_total/Kperp_total_K200_d3.5_2025-10-25_21-45-47_d3.5_K200_ODI_0.0032_500fibers.pkl
200,3.5,0.0032,0.31,0.69,Ktotal = (fi*Ki*Di^2 + fe*Ke*De^2)/Dtotal^2 + 3*(fi*Di^2 + fe*De^2)/Dtotal^2 - 3,nozomi/experiment/visualization/dataVF03/VF0.3_experiment_d3.5_sig0.9375_500axons_reproducibility_OD200/2025-10-25_22-37-52_d3.5_K200_ODI_0.0032_500fibers,nozomi/experiment/visualization/plots/Kperp_across_diameter_VF03/computed_Kperp_total/Kperp_total_K200_d3.5_2025-10-25_22-37-52_d3.5_K200_ODI_0.0032_500fibers.pkl
10,4.5,0.0635,0.32,0.6799999999999999,Ktotal = (fi*Ki*Di^2 + fe*Ke*De^2)/Dtotal^2 + 3*(fi*Di^2 + fe*De^2)/Dtotal^2 - 3,nozomi/experiment/visualization/dataVF03/VF0.3_experiment_d4.5_sig1.205_500axons_reproducibility_OD10/2025-10-24_00-40-09_d4.5_K10_ODI_0.0635_500fibers,nozomi/experiment/visualization/plots/Kperp_across_diameter_VF03/computed_Kperp_total/Kperp_total_K10_d4.5_2025-10-24_00-40-09_d4.5_K10_ODI_0.0635_500fibers.pkl
10,4.5,0.0635,0.31,0.69,Ktotal = (fi*Ki*Di^2 + fe*Ke*De^2)/Dtotal^2 + 3*(fi*Di^2 + fe*De^2)/Dtotal^2 - 3,nozomi/experiment/visualization/dataVF03/VF0.3_experiment_d4.5_sig1.205_500axons_reproducibility_OD10/2025-10-25_11-42-55_d4.5_K10_ODI_0.0635_500fibers,nozomi/experiment/visualization/plots/Kperp_across_diameter_VF03/computed_Kperp_total/Kperp_total_K10_d4.5_2025-10-25_11-42-55_d4.5_K10_ODI_0.0635_500fibers.pkl
10,4.5,0.0635,0.32,0.6799999999999999,Ktotal = (fi*Ki*Di^2 + fe*Ke*De^2)/Dtotal^2 + 3*(fi*Di^2 + fe*De^2)/Dtotal^2 - 3,nozomi/experiment/visualization/dataVF03/VF0.3_experiment_d4.5_sig1.205_500axons_reproducibility_OD10/2025-10-25_23-30-16_d4.5_K10_ODI_0.0635_500fibers,nozomi/experiment/visualization/plots/Kperp_across_diameter_VF03/computed_Kperp_total/Kperp_total_K10_d4.5_2025-10-25_23-30-16_d4.5_K10_ODI_0.0635_500fibers.pkl
10,4.5,0.0635,0.31,0.69,Ktotal = (fi*Ki*Di^2 + fe*Ke*De^2)/Dtotal^2 + 3*(fi*Di^2 + fe*De^2)/Dtotal^2 - 3,nozomi/experiment/visualization/dataVF03/VF0.3_experiment_d4.5_sig1.205_500axons_reproducibility_OD10/2025-10-26_01-23-06_d4.5_K10_ODI_0.0635_500fibers,nozomi/experiment/visualization/plots/Kperp_across_diameter_VF03/computed_Kperp_total/Kperp_total_K10_d4.5_2025-10-26_01-23-06_d4.5_K10_ODI_0.0635_500fibers.pkl
10,4.5,0.0635,0.31,0.69,Ktotal = (fi*Ki*Di^2 + fe*Ke*De^2)/Dtotal^2 + 3*(fi*Di^2 + fe*De^2)/Dtotal^2 - 3,nozomi/experiment/visualization/dataVF03/VF0.3_experiment_d4.5_sig1.205_500axons_reproducibility_OD10/2025-10-26_16-07-03_d4.5_K10_ODI_0.0635_500fibers,nozomi/experiment/visualization/plots/Kperp_across_diameter_VF03/computed_Kperp_total/Kperp_total_K10_d4.5_2025-10-26_16-07-03_d4.5_K10_ODI_0.0635_500fibers.pkl
20,4.5,0.0318,0.31,0.69,Ktotal = (fi*Ki*Di^2 + fe*Ke*De^2)/Dtotal^2 + 3*(fi*Di^2 + fe*De^2)/Dtotal^2 - 3,nozomi/experiment/visualization/dataVF03/VF0.3_experiment_d4.5_sig1.205_500axons_reproducibility_OD20/2025-10-24_00-41-15_d4.5_K20_ODI_0.0318_500fibers,nozomi/experiment/visualization/plots/Kperp_across_diameter_VF03/computed_Kperp_total/Kperp_total_K20_d4.5_2025-10-24_00-41-15_d4.5_K20_ODI_0.0318_500fibers.pkl
20,4.5,0.0318,0.31,0.69,Ktotal = (fi*Ki*Di^2 + fe*Ke*De^2)/Dtotal^2 + 3*(fi*Di^2 + fe*De^2)/Dtotal^2 - 3,nozomi/experiment/visualization/dataVF03/VF0.3_experiment_d4.5_sig1.205_500axons_reproducibility_OD20/2025-10-25_07-56-19_d4.5_K20_ODI_0.0318_500fibers,nozomi/experiment/visualization/plots/Kperp_across_diameter_VF03/computed_Kperp_total/Kperp_total_K20_d4.5_2025-10-25_07-56-19_d4.5_K20_ODI_0.0318_500fibers.pkl
20,4.5,0.0318,0.31,0.69,Ktotal = (fi*Ki*Di^2 + fe*Ke*De^2)/Dtotal^2 + 3*(fi*Di^2 + fe*De^2)/Dtotal^2 - 3,nozomi/experiment/visualization/dataVF03/VF0.3_experiment_d4.5_sig1.205_500axons_reproducibility_OD20/2025-10-25_23-32-12_d4.5_K20_ODI_0.0318_500fibers,nozomi/experiment/visualization/plots/Kperp_across_diameter_VF03/computed_Kperp_total/Kperp_total_K20_d4.5_2025-10-25_23-32-12_d4.5_K20_ODI_0.0318_500fibers.pkl
20,4.5,0.0318,0.3,0.7,Ktotal = (fi*Ki*Di^2 + fe*Ke*De^2)/Dtotal^2 + 3*(fi*Di^2 + fe*De^2)/Dtotal^2 - 3,nozomi/experiment/visualization/dataVF03/VF0.3_experiment_d4.5_sig1.205_500axons_reproducibility_OD20/2025-10-26_00-28-39_d4.5_K20_ODI_0.0318_500fibers,nozomi/experiment/visualization/plots/Kperp_across_diameter_VF03/computed_Kperp_total/Kperp_total_K20_d4.5_2025-10-26_00-28-39_d4.5_K20_ODI_0.0318_500fibers.pkl
20,4.5,0.0318,0.31,0.69,Ktotal = (fi*Ki*Di^2 + fe*Ke*De^2)/Dtotal^2 + 3*(fi*Di^2 + fe*De^2)/Dtotal^2 - 3,nozomi/experiment/visualization/dataVF03/VF0.3_experiment_d4.5_sig1.205_500axons_reproducibility_OD20/2025-10-26_01-48-06_d4.5_K20_ODI_0.0318_500fibers,nozomi/experiment/visualization/plots/Kperp_across_diameter_VF03/computed_Kperp_total/Kperp_total_K20_d4.5_2025-10-26_01-48-06_d4.5_K20_ODI_0.0318_500fibers.pkl
20,4.5,0.0318,0.32,0.6799999999999999,Ktotal = (fi*Ki*Di^2 + fe*Ke*De^2)/Dtotal^2 + 3*(fi*Di^2 + fe*De^2)/Dtotal^2 - 3,nozomi/experiment/visualization/dataVF03/VF0.3_experiment_d4.5_sig1.205_500axons_reproducibility_OD20/2025-10-26_02-51-32_d4.5_K20_ODI_0.0318_500fibers,nozomi/experiment/visualization/plots/Kperp_across_diameter_VF03/computed_Kperp_total/Kperp_total_K20_d4.5_2025-10-26_02-51-32_d4.5_K20_ODI_0.0318_500fibers.pkl
20,4.5,0.0318,0.3,0.7,Ktotal = (fi*Ki*Di^2 + fe*Ke*De^2)/Dtotal^2 + 3*(fi*Di^2 + fe*De^2)/Dtotal^2 - 3,nozomi/experiment/visualization/dataVF03/VF0.3_experiment_d4.5_sig1.205_500axons_reproducibility_OD20/2025-10-26_03-54-16_d4.5_K20_ODI_0.0318_500fibers,nozomi/experiment/visualization/plots/Kperp_across_diameter_VF03/computed_Kperp_total/Kperp_total_K20_d4.5_2025-10-26_03-54-16_d4.5_K20_ODI_0.0318_500fibers.pkl
200,4.5,0.0032,0.3,0.7,Ktotal = (fi*Ki*Di^2 + fe*Ke*De^2)/Dtotal^2 + 3*(fi*Di^2 + fe*De^2)/Dtotal^2 - 3,nozomi/experiment/visualization/dataVF03/VF0.3_experiment_d4.5_sig1.205_500axons_reproducibility_OD200/2025-10-24_00-42-08_d4.5_K200_ODI_0.0032_500fibers,nozomi/experiment/visualization/plots/Kperp_across_diameter_VF03/computed_Kperp_total/Kperp_total_K200_d4.5_2025-10-24_00-42-08_d4.5_K200_ODI_0.0032_500fibers.pkl
200,4.5,0.0032,0.29,0.71,Ktotal = (fi*Ki*Di^2 + fe*Ke*De^2)/Dtotal^2 + 3*(fi*Di^2 + fe*De^2)/Dtotal^2 - 3,nozomi/experiment/visualization/dataVF03/VF0.3_experiment_d4.5_sig1.205_500axons_reproducibility_OD200/2025-10-24_22-23-50_d4.5_K200_ODI_0.0032_500fibers,nozomi/experiment/visualization/plots/Kperp_across_diameter_VF03/computed_Kperp_total/Kperp_total_K200_d4.5_2025-10-24_22-23-50_d4.5_K200_ODI_0.0032_500fibers.pkl
200,4.5,0.0032,0.3,0.7,Ktotal = (fi*Ki*Di^2 + fe*Ke*De^2)/Dtotal^2 + 3*(fi*Di^2 + fe*De^2)/Dtotal^2 - 3,nozomi/experiment/visualization/dataVF03/VF0.3_experiment_d4.5_sig1.205_500axons_reproducibility_OD200/2025-10-25_23-38-03_d4.5_K200_ODI_0.0032_500fibers,nozomi/experiment/visualization/plots/Kperp_across_diameter_VF03/computed_Kperp_total/Kperp_total_K200_d4.5_2025-10-25_23-38-03_d4.5_K200_ODI_0.0032_500fibers.pkl
200,4.5,0.0032,0.29,0.71,Ktotal = (fi*Ki*Di^2 + fe*Ke*De^2)/Dtotal^2 + 3*(fi*Di^2 + fe*De^2)/Dtotal^2 - 3,nozomi/experiment/visualization/dataVF03/VF0.3_experiment_d4.5_sig1.205_500axons_reproducibility_OD200/2025-10-26_01-07-53_d4.5_K200_ODI_0.0032_500fibers,nozomi/experiment/visualization/plots/Kperp_across_diameter_VF03/computed_Kperp_total/Kperp_total_K200_d4.5_2025-10-26_01-07-53_d4.5_K200_ODI_0.0032_500fibers.pkl
200,4.5,0.0032,0.3,0.7,Ktotal = (fi*Ki*Di^2 + fe*Ke*De^2)/Dtotal^2 + 3*(fi*Di^2 + fe*De^2)/Dtotal^2 - 3,nozomi/experiment/visualization/dataVF03/VF0.3_experiment_d4.5_sig1.205_500axons_reproducibility_OD200/2025-10-26_02-38-51_d4.5_K200_ODI_0.0032_500fibers,nozomi/experiment/visualization/plots/Kperp_across_diameter_VF03/computed_Kperp_total/Kperp_total_K200_d4.5_2025-10-26_02-38-51_d4.5_K200_ODI_0.0032_500fibers.pkl
200,4.5,0.0032,0.29,0.71,Ktotal = (fi*Ki*Di^2 + fe*Ke*De^2)/Dtotal^2 + 3*(fi*Di^2 + fe*De^2)/Dtotal^2 - 3,nozomi/experiment/visualization/dataVF03/VF0.3_experiment_d4.5_sig1.205_500axons_reproducibility_OD200/2025-10-26_04-15-03_d4.5_K200_ODI_0.0032_500fibers,nozomi/experiment/visualization/plots/Kperp_across_diameter_VF03/computed_Kperp_total/Kperp_total_K200_d4.5_2025-10-26_04-15-03_d4.5_K200_ODI_0.0032_500fibers.pkl
200,4.5,0.0032,0.3,0.7,Ktotal = (fi*Ki*Di^2 + fe*Ke*De^2)/Dtotal^2 + 3*(fi*Di^2 + fe*De^2)/Dtotal^2 - 3,nozomi/experiment/visualization/dataVF03/VF0.3_experiment_d4.5_sig1.205_500axons_reproducibility_OD200/2025-10-26_05-44-22_d4.5_K200_ODI_0.0032_500fibers,nozomi/experiment/visualization/plots/Kperp_across_diameter_VF03/computed_Kperp_total/Kperp_total_K200_d4.5_2025-10-26_05-44-22_d4.5_K200_ODI_0.0032_500fibers.pkl
